{"Police District Number":{"3":3.5962899778,"4":2.0954274163,"6":2.5514286102,"1":2.3196394801,"2":1.8427081795}}